_id,employeeId,grantId,startDate,certified,createdBy,createdDate,endDate,lastModifiedBy,lastModifiedDate,percentEffort,status,percentSalary
642319fb44eca441c5c9e1d8,BFCCNE0010K0,142302,2023-03-01T08:00:00.000Z,TRUE,BFCCMW00C0K0,2023-03-28T16:46:51.135Z,2023-04-01T06:59:59.999Z,BKE5JH02Z0K0,2023-03-31T16:30:57.346Z,0,2,0
642319fb44eca441c5c9e1d9,BFCCNE0010K0,142302,2023-04-01T07:00:00.000Z,TRUE,BFCCMW00C0K0,2023-03-28T16:46:51.135Z,2023-05-01T06:59:59.999Z,BKE5JH02Z0K0,2023-05-01T17:06:27.760Z,0,2,0
642319fb44eca441c5c9e1da,BFCCNE0010K0,142302,2023-05-01T07:00:00.000Z,FALSE,BFCCMW00C0K0,2023-03-28T16:46:51.135Z,2023-06-01T06:59:59.999Z,BFCCMW00C0K0,2023-03-28T16:46:51.135Z,5,0,
642319fb44eca441c5c9e1db,BFCCNE0010K0,142302,2023-06-01T07:00:00.000Z,FALSE,BFCCMW00C0K0,2023-03-28T16:46:51.135Z,2023-07-01T06:59:59.999Z,BFCCMW00C0K0,2023-03-28T16:46:51.135Z,5,0,
642319fb44eca441c5c9e1dc,BFCCNE0010K0,142302,2023-07-01T07:00:00.000Z,FALSE,BFCCMW00C0K0,2023-03-28T16:46:51.135Z,2023-08-01T06:59:59.999Z,BFCCMW00C0K0,2023-03-28T16:46:51.135Z,5,0,
642319fb44eca441c5c9e1dd,BFCCNE0010K0,142302,2023-08-01T07:00:00.000Z,FALSE,BFCCMW00C0K0,2023-03-28T16:46:51.135Z,2023-09-01T06:59:59.999Z,BFCCMW00C0K0,2023-03-28T16:46:51.135Z,5,0,
642319fb44eca441c5c9e1de,BFCCNE0010K0,142302,2023-09-01T07:00:00.000Z,FALSE,BFCCMW00C0K0,2023-03-28T16:46:51.135Z,2023-10-01T06:59:59.999Z,BFCCMW00C0K0,2023-03-28T16:46:51.135Z,5,0,
642319fb44eca441c5c9e1df,BFCCNE0010K0,142302,2023-10-01T07:00:00.000Z,FALSE,BFCCMW00C0K0,2023-03-28T16:46:51.135Z,2023-11-01T06:59:59.999Z,BFCCMW00C0K0,2023-03-28T16:46:51.135Z,5,0,
642319fb44eca441c5c9e1e0,BFCCNE0010K0,142302,2023-11-01T07:00:00.000Z,FALSE,BFCCMW00C0K0,2023-03-28T16:46:51.135Z,2023-12-01T07:59:59.999Z,BFCCMW00C0K0,2023-03-28T16:46:51.135Z,5,0,
642319fb44eca441c5c9e1e1,BFCCNE0010K0,142302,2023-12-01T08:00:00.000Z,FALSE,BFCCMW00C0K0,2023-03-28T16:46:51.135Z,2024-01-01T07:59:59.999Z,BFCCMW00C0K0,2023-03-28T16:46:51.135Z,5,0,
642319fb44eca441c5c9e1e2,BFCCNE0010K0,142302,2024-01-01T08:00:00.000Z,FALSE,BFCCMW00C0K0,2023-03-28T16:46:51.135Z,2024-02-01T07:59:59.999Z,BFCCMW00C0K0,2023-03-28T16:46:51.135Z,5,0,
642319fb44eca441c5c9e1e3,BFCCNE0010K0,142302,2024-02-01T08:00:00.000Z,FALSE,BFCCMW00C0K0,2023-03-28T16:46:51.135Z,2024-03-01T07:59:59.999Z,BFCCMW00C0K0,2023-03-28T16:46:51.135Z,5,0,
6446e50044eca441c571515e,BFCCNE0010K0,146401,2023-04-01T07:00:00.000Z,TRUE,BQT7LW0000K0,2023-04-24T20:22:24.092Z,2023-05-01T06:59:59.999Z,BFCCOY07A0K0,2023-05-01T17:57:33.489Z,25,2,25
6446e50044eca441c571515f,BFCCNE0010K0,146401,2023-05-01T07:00:00.000Z,FALSE,BQT7LW0000K0,2023-04-24T20:22:24.092Z,2023-06-01T06:59:59.999Z,BQT7LW0000K0,2023-04-24T20:22:24.092Z,25,0,
6446e50044eca441c5715161,BFCCNE0010K0,146401,2023-06-01T07:00:00.000Z,FALSE,BQT7LW0000K0,2023-04-24T20:22:24.092Z,2023-07-01T06:59:59.999Z,BQT7LW0000K0,2023-04-24T20:22:24.092Z,25,0,
6446e50044eca441c5715162,BFCCNE0010K0,146401,2023-07-01T07:00:00.000Z,FALSE,BQT7LW0000K0,2023-04-24T20:22:24.092Z,2023-08-01T06:59:59.999Z,BQT7LW0000K0,2023-04-24T20:22:24.092Z,25,0,
6446e50044eca441c5715163,BFCCNE0010K0,146401,2023-08-01T07:00:00.000Z,FALSE,BQT7LW0000K0,2023-04-24T20:22:24.092Z,2023-09-01T06:59:59.999Z,BQT7LW0000K0,2023-04-24T20:22:24.092Z,25,0,
6446e50044eca441c5715164,BFCCNE0010K0,146401,2023-09-01T07:00:00.000Z,FALSE,BQT7LW0000K0,2023-04-24T20:22:24.092Z,2023-10-01T06:59:59.999Z,BQT7LW0000K0,2023-04-24T20:22:24.092Z,25,0,
6446e50044eca441c5715165,BFCCNE0010K0,146401,2023-10-01T07:00:00.000Z,FALSE,BQT7LW0000K0,2023-04-24T20:22:24.092Z,2023-11-01T06:59:59.999Z,BQT7LW0000K0,2023-04-24T20:22:24.092Z,25,0,
6446e50044eca441c5715166,BFCCNE0010K0,146401,2023-11-01T07:00:00.000Z,FALSE,BQT7LW0000K0,2023-04-24T20:22:24.092Z,2023-12-01T07:59:59.999Z,BQT7LW0000K0,2023-04-24T20:22:24.092Z,25,0,
6446e50044eca441c5715167,BFCCNE0010K0,146401,2023-12-01T08:00:00.000Z,FALSE,BQT7LW0000K0,2023-04-24T20:22:24.092Z,2024-01-01T07:59:59.999Z,BQT7LW0000K0,2023-04-24T20:22:24.092Z,25,0,
6446e50044eca441c5715168,BFCCNE0010K0,146401,2024-01-01T08:00:00.000Z,FALSE,BQT7LW0000K0,2023-04-24T20:22:24.092Z,2024-02-01T07:59:59.999Z,BQT7LW0000K0,2023-04-24T20:22:24.092Z,25,0,
6446e50044eca441c5715169,BFCCNE0010K0,146401,2024-02-01T08:00:00.000Z,FALSE,BQT7LW0000K0,2023-04-24T20:22:24.092Z,2024-03-01T07:59:59.999Z,BQT7LW0000K0,2023-04-24T20:22:24.092Z,25,0,
6446e50044eca441c571516a,BFCCNE0010K0,146401,2024-03-01T08:00:00.000Z,FALSE,BQT7LW0000K0,2023-04-24T20:22:24.092Z,2024-04-01T06:59:59.999Z,BQT7LW0000K0,2023-04-24T20:22:24.092Z,25,0,
63f66bdb44eca441c5b4bf36,BFCCNE0010K0,161002,2023-02-01T08:00:00.000Z,TRUE,E5ADV2000020,2023-02-22T19:24:11.999Z,2023-03-01T07:59:59.999Z,BFCCJN0060K0,2023-03-01T03:48:11.102Z,7.5,2,7.5
63f66bdb44eca441c5b4bf37,BFCCNE0010K0,161002,2023-03-01T08:00:00.000Z,TRUE,E5ADV2000020,2023-02-22T19:24:11.999Z,2023-04-01T06:59:59.999Z,BFCCJN0060K0,2023-03-31T16:47:43.697Z,7.5,2,7.5
63f66bdb44eca441c5b4bf38,BFCCNE0010K0,161002,2023-04-01T07:00:00.000Z,TRUE,E5ADV2000020,2023-02-22T19:24:11.999Z,2023-05-01T06:59:59.999Z,BFCCJN0060K0,2023-05-02T02:15:44.931Z,7.5,2,7.5
63f66bdb44eca441c5b4bf39,BFCCNE0010K0,161002,2023-05-01T07:00:00.000Z,FALSE,E5ADV2000020,2023-02-22T19:24:11.999Z,2023-06-01T06:59:59.999Z,E5ADV2000020,2023-03-15T20:56:35.492Z,7.5,0,
63f66bdb44eca441c5b4bf3a,BFCCNE0010K0,161002,2023-06-01T07:00:00.000Z,FALSE,E5ADV2000020,2023-02-22T19:24:11.999Z,2023-07-01T06:59:59.999Z,E5ADV2000020,2023-03-15T20:56:35.492Z,7.5,0,
63f66bdb44eca441c5b4bf3b,BFCCNE0010K0,161002,2023-07-01T07:00:00.000Z,FALSE,E5ADV2000020,2023-02-22T19:24:11.999Z,2023-08-01T06:59:59.999Z,E5ADV2000020,2023-03-15T20:56:35.492Z,7.5,0,
63f66bdb44eca441c5b4bf3c,BFCCNE0010K0,161002,2023-08-01T07:00:00.000Z,FALSE,E5ADV2000020,2023-02-22T19:24:11.999Z,2023-09-01T06:59:59.999Z,E5ADV2000020,2023-03-15T20:56:35.492Z,7.5,0,
63f66bdb44eca441c5b4bf3d,BFCCNE0010K0,161002,2023-09-01T07:00:00.000Z,FALSE,E5ADV2000020,2023-02-22T19:24:11.999Z,2023-10-01T06:59:59.999Z,E5ADV2000020,2023-03-15T20:56:35.492Z,7.5,0,
63f66bdb44eca441c5b4bf3e,BFCCNE0010K0,161002,2023-10-01T07:00:00.000Z,FALSE,E5ADV2000020,2023-02-22T19:24:11.999Z,2023-11-01T06:59:59.999Z,E5ADV2000020,2023-03-15T20:56:35.492Z,7.5,0,
63f66bdb44eca441c5b4bf3f,BFCCNE0010K0,161002,2023-11-01T07:00:00.000Z,FALSE,E5ADV2000020,2023-02-22T19:24:11.999Z,2023-12-01T07:59:59.999Z,E5ADV2000020,2023-03-15T20:56:35.492Z,7.5,0,
63f66bdb44eca441c5b4bf40,BFCCNE0010K0,161002,2023-12-01T08:00:00.000Z,FALSE,E5ADV2000020,2023-02-22T19:24:11.999Z,2024-01-01T07:59:59.999Z,E5ADV2000020,2023-03-15T20:56:35.492Z,7.5,0,
63f66bdc44eca441c5b4bf41,BFCCNE0010K0,161002,2024-01-01T08:00:00.000Z,FALSE,E5ADV2000020,2023-02-22T19:24:11.999Z,2024-02-01T07:59:59.999Z,E5ADV2000020,2023-03-15T20:56:35.492Z,7.5,0,
64231a7d44eca441c5ca2613,BFCCNE0010K0,164104,2023-07-01T07:00:00.000Z,FALSE,BFCCMW00C0K0,2023-03-28T16:49:01.752Z,2023-08-01T06:59:59.999Z,BFCCMW00C0K0,2023-03-28T16:49:01.752Z,5,0,
64231a7d44eca441c5ca2614,BFCCNE0010K0,164104,2023-08-01T07:00:00.000Z,FALSE,BFCCMW00C0K0,2023-03-28T16:49:01.752Z,2023-09-01T06:59:59.999Z,BFCCMW00C0K0,2023-03-28T16:49:01.752Z,5,0,
64231a7d44eca441c5ca2615,BFCCNE0010K0,164104,2023-09-01T07:00:00.000Z,FALSE,BFCCMW00C0K0,2023-03-28T16:49:01.752Z,2023-10-01T06:59:59.999Z,BFCCMW00C0K0,2023-03-28T16:49:01.752Z,5,0,
64231a7d44eca441c5ca2616,BFCCNE0010K0,164104,2023-10-01T07:00:00.000Z,FALSE,BFCCMW00C0K0,2023-03-28T16:49:01.752Z,2023-11-01T06:59:59.999Z,BFCCMW00C0K0,2023-03-28T16:49:01.752Z,5,0,
64231a7d44eca441c5ca2617,BFCCNE0010K0,164104,2023-11-01T07:00:00.000Z,FALSE,BFCCMW00C0K0,2023-03-28T16:49:01.752Z,2023-12-01T07:59:59.999Z,BFCCMW00C0K0,2023-03-28T16:49:01.752Z,5,0,
64231a7d44eca441c5ca2618,BFCCNE0010K0,164104,2023-12-01T08:00:00.000Z,FALSE,BFCCMW00C0K0,2023-03-28T16:49:01.752Z,2024-01-01T07:59:59.999Z,BFCCMW00C0K0,2023-03-28T16:49:01.752Z,5,0,
64231a7d44eca441c5ca2619,BFCCNE0010K0,164104,2024-01-01T08:00:00.000Z,FALSE,BFCCMW00C0K0,2023-03-28T16:49:01.752Z,2024-02-01T07:59:59.999Z,BFCCMW00C0K0,2023-03-28T16:49:01.752Z,5,0,
64231a7d44eca441c5ca261a,BFCCNE0010K0,164104,2024-02-01T08:00:00.000Z,FALSE,BFCCMW00C0K0,2023-03-28T16:49:01.752Z,2024-03-01T07:59:59.999Z,BFCCMW00C0K0,2023-03-28T16:49:01.752Z,5,0,
64231a7d44eca441c5ca261b,BFCCNE0010K0,164104,2024-03-01T08:00:00.000Z,FALSE,BFCCMW00C0K0,2023-03-28T16:49:01.752Z,2024-04-01T06:59:59.999Z,BFCCMW00C0K0,2023-03-28T16:49:01.752Z,5,0,
64231a7d44eca441c5ca261c,BFCCNE0010K0,164104,2024-04-01T07:00:00.000Z,FALSE,BFCCMW00C0K0,2023-03-28T16:49:01.752Z,2024-05-01T06:59:59.999Z,BFCCMW00C0K0,2023-03-28T16:49:01.752Z,5,0,
64231a7d44eca441c5ca261d,BFCCNE0010K0,164104,2024-05-01T07:00:00.000Z,FALSE,BFCCMW00C0K0,2023-03-28T16:49:01.752Z,2024-06-01T06:59:59.999Z,BFCCMW00C0K0,2023-03-28T16:49:01.752Z,5,0,
64231a7d44eca441c5ca261e,BFCCNE0010K0,164104,2024-06-01T07:00:00.000Z,FALSE,BFCCMW00C0K0,2023-03-28T16:49:01.752Z,2024-07-01T06:59:59.999Z,BFCCMW00C0K0,2023-03-28T16:49:01.752Z,5,0,
63f900e044eca441c51e3af9,BFCCNE0010K0,411103,2023-02-01T08:00:00.000Z,TRUE,E5ADV2000020,2023-02-24T18:24:32.417Z,2023-03-01T07:59:59.999Z,BFCCKW0420K0,2023-03-15T23:24:02.283Z,10,2,10
63f900e044eca441c51e3afa,BFCCNE0010K0,411103,2023-03-01T08:00:00.000Z,TRUE,E5ADV2000020,2023-02-24T18:24:32.417Z,2023-04-01T06:59:59.999Z,BFCCKW0420K0,2023-04-28T23:44:59.963Z,10,2,10
63f900e044eca441c51e3afb,BFCCNE0010K0,411103,2023-04-01T07:00:00.000Z,TRUE,E5ADV2000020,2023-02-24T18:24:32.417Z,2023-05-01T06:59:59.999Z,BFCCKW0420K0,2023-04-28T23:44:49.654Z,0,2,0
63f900e044eca441c51e3afc,BFCCNE0010K0,411103,2023-05-01T07:00:00.000Z,FALSE,E5ADV2000020,2023-02-24T18:24:32.417Z,2023-06-01T06:59:59.999Z,E5ADV2000020,2023-02-24T18:24:32.417Z,10,0,
63f900e044eca441c51e3afd,BFCCNE0010K0,411103,2023-06-01T07:00:00.000Z,FALSE,E5ADV2000020,2023-02-24T18:24:32.417Z,2023-07-01T06:59:59.999Z,E5ADV2000020,2023-02-24T18:24:32.417Z,10,0,
63f900e044eca441c51e3afe,BFCCNE0010K0,411103,2023-07-01T07:00:00.000Z,FALSE,E5ADV2000020,2023-02-24T18:24:32.417Z,2023-08-01T06:59:59.999Z,E5ADV2000020,2023-02-24T18:24:32.417Z,10,0,
63f900e044eca441c51e3aff,BFCCNE0010K0,411103,2023-08-01T07:00:00.000Z,FALSE,E5ADV2000020,2023-02-24T18:24:32.417Z,2023-09-01T06:59:59.999Z,E5ADV2000020,2023-02-24T18:24:32.417Z,10,0,
63f900e044eca441c51e3b00,BFCCNE0010K0,411103,2023-09-01T07:00:00.000Z,FALSE,E5ADV2000020,2023-02-24T18:24:32.417Z,2023-10-01T06:59:59.999Z,E5ADV2000020,2023-02-24T18:24:32.417Z,10,0,
63f900e044eca441c51e3b01,BFCCNE0010K0,411103,2023-10-01T07:00:00.000Z,FALSE,E5ADV2000020,2023-02-24T18:24:32.417Z,2023-11-01T06:59:59.999Z,E5ADV2000020,2023-02-24T18:24:32.417Z,10,0,
63f900e044eca441c51e3b02,BFCCNE0010K0,411103,2023-11-01T07:00:00.000Z,FALSE,E5ADV2000020,2023-02-24T18:24:32.417Z,2023-12-01T07:59:59.999Z,E5ADV2000020,2023-02-24T18:24:32.417Z,10,0,
63f900e044eca441c51e3b03,BFCCNE0010K0,411103,2023-12-01T08:00:00.000Z,FALSE,E5ADV2000020,2023-02-24T18:24:32.417Z,2024-01-01T07:59:59.999Z,E5ADV2000020,2023-02-24T18:24:32.417Z,10,0,
63f900e044eca441c51e3b04,BFCCNE0010K0,411103,2024-01-01T08:00:00.000Z,FALSE,E5ADV2000020,2023-02-24T18:24:32.417Z,2024-02-01T07:59:59.999Z,E5ADV2000020,2023-02-24T18:24:32.417Z,10,0,
644bfede44eca441c544e24b,BFCCNE0010K0,725801,2023-04-01T07:00:00.000Z,FALSE,E5ADV2000020,2023-04-28T17:14:06.650Z,2023-05-01T06:59:59.999Z,E5ADV2000020,2023-04-28T17:14:13.323Z,0,2,0
644bfede44eca441c544e24c,BFCCNE0010K0,725801,2023-05-01T07:00:00.000Z,FALSE,E5ADV2000020,2023-04-28T17:14:06.650Z,2023-06-01T06:59:59.999Z,E5ADV2000020,2023-04-28T17:14:06.650Z,1,0,
644bfede44eca441c544e24d,BFCCNE0010K0,725801,2023-06-01T07:00:00.000Z,FALSE,E5ADV2000020,2023-04-28T17:14:06.650Z,2023-07-01T06:59:59.999Z,E5ADV2000020,2023-04-28T17:14:06.650Z,1,0,
644afcc044eca441c5104580,BFCCNE0010K0,951101,2023-04-01T07:00:00.000Z,TRUE,E5ADV2000020,2023-04-27T22:52:48.816Z,2023-05-01T06:59:59.999Z,BFCCOX05U0K0,2023-05-01T19:34:33.373Z,5,2,5
644afcc044eca441c5104581,BFCCNE0010K0,951101,2023-05-01T07:00:00.000Z,FALSE,E5ADV2000020,2023-04-27T22:52:48.816Z,2023-06-01T06:59:59.999Z,E5ADV2000020,2023-04-27T22:52:56.352Z,0,0,
644afcc044eca441c5104582,BFCCNE0010K0,951101,2023-06-01T07:00:00.000Z,FALSE,E5ADV2000020,2023-04-27T22:52:48.816Z,2023-07-01T06:59:59.999Z,E5ADV2000020,2023-04-27T22:52:50.174Z,5,0,
64231ace44eca441c5ca6063,BFCCNK03P0K0,164104,2023-07-01T07:00:00.000Z,FALSE,BFCCMW00C0K0,2023-03-28T16:50:22.504Z,2023-08-01T06:59:59.999Z,BFCCMW00C0K0,2023-03-28T17:08:54.414Z,0,0,
64231ace44eca441c5ca6064,BFCCNK03P0K0,164104,2023-08-01T07:00:00.000Z,FALSE,BFCCMW00C0K0,2023-03-28T16:50:22.504Z,2023-09-01T06:59:59.999Z,BFCCMW00C0K0,2023-03-28T17:08:54.414Z,0,0,
64231ace44eca441c5ca6065,BFCCNK03P0K0,164104,2023-09-01T07:00:00.000Z,FALSE,BFCCMW00C0K0,2023-03-28T16:50:22.504Z,2023-10-01T06:59:59.999Z,BFCCMW00C0K0,2023-03-28T17:08:54.414Z,0,0,
64231ace44eca441c5ca6066,BFCCNK03P0K0,164104,2023-10-01T07:00:00.000Z,FALSE,BFCCMW00C0K0,2023-03-28T16:50:22.504Z,2023-11-01T06:59:59.999Z,BFCCMW00C0K0,2023-03-28T17:08:54.414Z,0,0,
64231ace44eca441c5ca6067,BFCCNK03P0K0,164104,2023-11-01T07:00:00.000Z,FALSE,BFCCMW00C0K0,2023-03-28T16:50:22.504Z,2023-12-01T07:59:59.999Z,BFCCMW00C0K0,2023-03-28T17:08:54.414Z,0,0,
64231ace44eca441c5ca6068,BFCCNK03P0K0,164104,2023-12-01T08:00:00.000Z,FALSE,BFCCMW00C0K0,2023-03-28T16:50:22.504Z,2024-01-01T07:59:59.999Z,BFCCMW00C0K0,2023-03-28T17:08:54.414Z,0,0,
64231ace44eca441c5ca6069,BFCCNK03P0K0,164104,2024-01-01T08:00:00.000Z,FALSE,BFCCMW00C0K0,2023-03-28T16:50:22.504Z,2024-02-01T07:59:59.999Z,BFCCMW00C0K0,2023-03-28T17:08:54.414Z,0,0,
64231ace44eca441c5ca606a,BFCCNK03P0K0,164104,2024-02-01T08:00:00.000Z,FALSE,BFCCMW00C0K0,2023-03-28T16:50:22.504Z,2024-03-01T07:59:59.999Z,BFCCMW00C0K0,2023-03-28T16:50:22.504Z,5,0,
64231ace44eca441c5ca606b,BFCCNK03P0K0,164104,2024-03-01T08:00:00.000Z,FALSE,BFCCMW00C0K0,2023-03-28T16:50:22.504Z,2024-04-01T06:59:59.999Z,BFCCMW00C0K0,2023-03-28T16:50:22.504Z,5,0,
64231ace44eca441c5ca606c,BFCCNK03P0K0,164104,2024-04-01T07:00:00.000Z,FALSE,BFCCMW00C0K0,2023-03-28T16:50:22.504Z,2024-05-01T06:59:59.999Z,BFCCMW00C0K0,2023-03-28T16:50:22.504Z,5,0,
64231ace44eca441c5ca606d,BFCCNK03P0K0,164104,2024-05-01T07:00:00.000Z,FALSE,BFCCMW00C0K0,2023-03-28T16:50:22.504Z,2024-06-01T06:59:59.999Z,BFCCMW00C0K0,2023-03-28T16:50:22.504Z,5,0,
64231ace44eca441c5ca606e,BFCCNK03P0K0,164104,2024-06-01T07:00:00.000Z,FALSE,BFCCMW00C0K0,2023-03-28T16:50:22.504Z,2024-07-01T06:59:59.999Z,BFCCMW00C0K0,2023-03-28T16:50:22.504Z,5,0,
644bfca244eca441c543d842,BFCCNK03P0K0,167001,2023-04-01T07:00:00.000Z,FALSE,E5ADV2000020,2023-04-28T17:04:34.028Z,2023-05-01T06:59:59.999Z,BH757Y0000K0,2023-05-01T17:42:52.420Z,5,2,5
644bfca244eca441c543d843,BFCCNK03P0K0,167001,2023-05-01T07:00:00.000Z,FALSE,E5ADV2000020,2023-04-28T17:04:34.028Z,2023-06-01T06:59:59.999Z,E5ADV2000020,2023-04-28T17:04:43.112Z,0,0,
644bfca244eca441c543d844,BFCCNK03P0K0,167001,2023-06-01T07:00:00.000Z,FALSE,E5ADV2000020,2023-04-28T17:04:34.028Z,2023-07-01T06:59:59.999Z,E5ADV2000020,2023-04-28T17:04:43.112Z,0,0,
644bfca244eca441c543d845,BFCCNK03P0K0,167001,2023-07-01T07:00:00.000Z,FALSE,E5ADV2000020,2023-04-28T17:04:34.028Z,2023-08-01T06:59:59.999Z,E5ADV2000020,2023-04-28T17:04:34.028Z,5,0,
644bfca244eca441c543d846,BFCCNK03P0K0,167001,2023-08-01T07:00:00.000Z,FALSE,E5ADV2000020,2023-04-28T17:04:34.028Z,2023-09-01T06:59:59.999Z,E5ADV2000020,2023-04-28T17:04:34.028Z,5,0,
644bf78544eca441c53b4e6b,BFCCNK03P0K0,530623,2023-06-01T07:00:00.000Z,FALSE,E5ADV2000020,2023-04-28T16:42:45.754Z,2023-07-01T06:59:59.999Z,E5ADV2000020,2023-04-28T16:42:53.633Z,0,0,
63d8064d44eca441c5845008,BFCCNK03P0K0,531123,2023-01-01T08:00:00.000Z,TRUE,BFCCP401Y0K0,2023-01-30T18:02:53.396Z,2023-02-01T07:59:59.999Z,BFCCPG0550K0,2023-01-31T00:22:29.559Z,15,2,15
6423332c44eca441c5f7526d,C83V3Y0000K0,122703,2023-03-01T08:00:00.000Z,TRUE,E5ADV2000020,2023-03-28T18:34:20.593Z,2023-04-01T06:59:59.999Z,BFCCPE05P0K0,2023-04-03T17:24:25.583Z,10,2,10
6423332c44eca441c5f7526e,C83V3Y0000K0,122703,2023-04-01T07:00:00.000Z,TRUE,E5ADV2000020,2023-03-28T18:34:20.593Z,2023-05-01T06:59:59.999Z,BFCCPE05P0K0,2023-05-01T17:06:37.329Z,5,2,5
6423332c44eca441c5f7526f,C83V3Y0000K0,122703,2023-05-01T07:00:00.000Z,FALSE,E5ADV2000020,2023-03-28T18:34:20.593Z,2023-06-01T06:59:59.999Z,E5ADV2000020,2023-03-29T15:43:30.451Z,0,0,
6423332c44eca441c5f75270,C83V3Y0000K0,122703,2023-06-01T07:00:00.000Z,FALSE,E5ADV2000020,2023-03-28T18:34:20.593Z,2023-07-01T06:59:59.999Z,E5ADV2000020,2023-03-29T15:43:30.451Z,0,0,
6423332c44eca441c5f75271,C83V3Y0000K0,122703,2023-07-01T07:00:00.000Z,FALSE,E5ADV2000020,2023-03-28T18:34:20.593Z,2023-08-01T06:59:59.999Z,E5ADV2000020,2023-03-29T15:43:30.451Z,0,0,
6423332c44eca441c5f75272,C83V3Y0000K0,122703,2023-08-01T07:00:00.000Z,FALSE,E5ADV2000020,2023-03-28T18:34:20.593Z,2023-09-01T06:59:59.999Z,E5ADV2000020,2023-03-29T15:43:30.451Z,0,0,
6423332c44eca441c5f75273,C83V3Y0000K0,122703,2023-09-01T07:00:00.000Z,FALSE,E5ADV2000020,2023-03-28T18:34:20.593Z,2023-10-01T06:59:59.999Z,E5ADV2000020,2023-03-29T15:43:30.451Z,0,0,
6423332c44eca441c5f75274,C83V3Y0000K0,122703,2023-10-01T07:00:00.000Z,FALSE,E5ADV2000020,2023-03-28T18:34:20.593Z,2023-11-01T06:59:59.999Z,E5ADV2000020,2023-03-29T15:43:30.451Z,0,0,
6423332c44eca441c5f75275,C83V3Y0000K0,122703,2023-11-01T07:00:00.000Z,FALSE,E5ADV2000020,2023-03-28T18:34:20.593Z,2023-12-01T07:59:59.999Z,E5ADV2000020,2023-03-29T15:43:30.451Z,0,0,
6423332c44eca441c5f75276,C83V3Y0000K0,122703,2023-12-01T08:00:00.000Z,FALSE,E5ADV2000020,2023-03-28T18:34:20.593Z,2024-01-01T07:59:59.999Z,E5ADV2000020,2023-03-29T15:43:30.451Z,0,0,
63fd402b44eca441c56f0ae8,C83V3Y0000K0,129704,2023-02-01T08:00:00.000Z,TRUE,E5ADV2000020,2023-02-27T23:43:39.093Z,2023-03-01T07:59:59.999Z,BFCCPA0060K0,2023-03-15T17:15:24.834Z,25,2,25
63fd402b44eca441c56f0ae9,C83V3Y0000K0,129704,2023-03-01T08:00:00.000Z,TRUE,E5ADV2000020,2023-02-27T23:43:39.093Z,2023-04-01T06:59:59.999Z,BFCCPA0060K0,2023-03-31T20:48:50.180Z,5,2,5
63fd402b44eca441c56f0aea,C83V3Y0000K0,129704,2023-04-01T07:00:00.000Z,TRUE,E5ADV2000020,2023-02-27T23:43:39.093Z,2023-05-01T06:59:59.999Z,BFCCPA0060K0,2023-05-01T19:12:13.716Z,5,2,5
63fd402b44eca441c56f0aeb,C83V3Y0000K0,129704,2023-05-01T07:00:00.000Z,FALSE,E5ADV2000020,2023-02-27T23:43:39.093Z,2023-06-01T06:59:59.999Z,BQT7LW0000K0,2023-03-28T14:36:34.862Z,0,3,
63fd402b44eca441c56f0aec,C83V3Y0000K0,129704,2023-06-01T07:00:00.000Z,FALSE,E5ADV2000020,2023-02-27T23:43:39.093Z,2023-07-01T06:59:59.999Z,BQT7LW0000K0,2023-03-28T14:36:34.862Z,0,3,
63d80e6c44eca441c58e9059,C83V3Y0000K0,530623,2023-01-01T08:00:00.000Z,TRUE,BQT7LW0000K0,2023-01-30T18:37:32.698Z,2023-02-01T07:59:59.999Z,CVNZC0000020,2023-01-30T19:03:45.922Z,20,2,20
63fd401344eca441c56f0314,C83V3Y0000K0,530623,2023-02-01T08:00:00.000Z,TRUE,E5ADV2000020,2023-02-27T23:43:15.352Z,2023-03-01T07:59:59.999Z,CVNZC0000020,2023-02-28T18:29:30.568Z,25,2,25
6423331944eca441c5f74cf7,C83V3Y0000K0,530623,2023-03-01T08:00:00.000Z,TRUE,E5ADV2000020,2023-03-28T18:34:01.536Z,2023-04-01T06:59:59.999Z,CVNZC0000020,2023-04-03T15:44:15.683Z,15,2,15
63d8066c44eca441c58455e2,C83V3Y0000K0,531123,2023-01-01T08:00:00.000Z,TRUE,BFCCP401Y0K0,2023-01-30T18:03:24.658Z,2023-02-01T07:59:59.999Z,BFCCPG0550K0,2023-01-31T00:22:29.542Z,30,2,30
644bf7f744eca441c53b6bcd,C83V3Y0000K0,597123,2023-04-01T07:00:00.000Z,FALSE,E5ADV2000020,2023-04-28T16:44:39.852Z,2023-05-01T06:59:59.999Z,BFCCOZ04U0K0,2023-04-28T22:50:04.398Z,0,2,0
644bf7f744eca441c53b6bce,C83V3Y0000K0,597123,2023-05-01T07:00:00.000Z,FALSE,E5ADV2000020,2023-04-28T16:44:39.852Z,2023-06-01T06:59:59.999Z,E5ADV2000020,2023-04-28T16:44:46.538Z,0,0,
644bf7f744eca441c53b6bcf,C83V3Y0000K0,597123,2023-06-01T07:00:00.000Z,FALSE,E5ADV2000020,2023-04-28T16:44:39.852Z,2023-07-01T06:59:59.999Z,E5ADV2000020,2023-04-28T16:44:46.538Z,0,0,
644c539544eca441c5e8cc2c,DADITP000020,139202,2023-04-01T07:00:00.000Z,TRUE,E5ADV2000020,2023-04-28T23:15:33.222Z,2023-05-01T06:59:59.999Z,BKE5JH02Z0K0,2023-05-01T17:06:27.703Z,45,2,45
644c539544eca441c5e8cc2d,DADITP000020,139202,2023-05-01T07:00:00.000Z,FALSE,E5ADV2000020,2023-04-28T23:15:33.222Z,2023-06-01T06:59:59.999Z,E5ADV2000020,2023-04-28T23:16:24.814Z,0,0,
644c539544eca441c5e8cc2e,DADITP000020,139202,2023-06-01T07:00:00.000Z,FALSE,E5ADV2000020,2023-04-28T23:15:33.222Z,2023-07-01T06:59:59.999Z,E5ADV2000020,2023-04-28T23:15:33.222Z,45,0,
644c539544eca441c5e8cc2f,DADITP000020,139202,2023-07-01T07:00:00.000Z,FALSE,E5ADV2000020,2023-04-28T23:15:33.222Z,2023-08-01T06:59:59.999Z,E5ADV2000020,2023-04-28T23:15:33.222Z,45,0,
644c539544eca441c5e8cc30,DADITP000020,139202,2023-08-01T07:00:00.000Z,FALSE,E5ADV2000020,2023-04-28T23:15:33.222Z,2023-09-01T06:59:59.999Z,E5ADV2000020,2023-04-28T23:15:33.222Z,45,0,
644c539544eca441c5e8cc31,DADITP000020,139202,2023-09-01T07:00:00.000Z,FALSE,E5ADV2000020,2023-04-28T23:15:33.222Z,2023-10-01T06:59:59.999Z,E5ADV2000020,2023-04-28T23:15:33.222Z,45,0,
644c539544eca441c5e8cc32,DADITP000020,139202,2023-10-01T07:00:00.000Z,FALSE,E5ADV2000020,2023-04-28T23:15:33.222Z,2023-11-01T06:59:59.999Z,E5ADV2000020,2023-04-28T23:15:33.222Z,45,0,
644c539544eca441c5e8cc33,DADITP000020,139202,2023-11-01T07:00:00.000Z,FALSE,E5ADV2000020,2023-04-28T23:15:33.222Z,2023-12-01T07:59:59.999Z,E5ADV2000020,2023-04-28T23:15:33.222Z,45,0,
644c539544eca441c5e8cc34,DADITP000020,139202,2023-12-01T08:00:00.000Z,FALSE,E5ADV2000020,2023-04-28T23:15:33.222Z,2024-01-01T07:59:59.999Z,E5ADV2000020,2023-04-28T23:15:33.222Z,45,0,
644c539544eca441c5e8cc35,DADITP000020,139202,2024-01-01T08:00:00.000Z,FALSE,E5ADV2000020,2023-04-28T23:15:33.222Z,2024-02-01T07:59:59.999Z,E5ADV2000020,2023-04-28T23:15:33.222Z,45,0,
644c539544eca441c5e8cc36,DADITP000020,139202,2024-02-01T08:00:00.000Z,FALSE,E5ADV2000020,2023-04-28T23:15:33.222Z,2024-03-01T07:59:59.999Z,E5ADV2000020,2023-04-28T23:15:33.222Z,45,0,
642319e944eca441c5c9da94,DADITP000020,142302,2023-03-01T08:00:00.000Z,TRUE,BFCCMW00C0K0,2023-03-28T16:46:33.804Z,2023-04-01T06:59:59.999Z,BKE5JH02Z0K0,2023-03-31T16:30:57.398Z,10,2,10
642319e944eca441c5c9da95,DADITP000020,142302,2023-04-01T07:00:00.000Z,TRUE,BFCCMW00C0K0,2023-03-28T16:46:33.804Z,2023-05-01T06:59:59.999Z,BKE5JH02Z0K0,2023-05-01T17:06:27.615Z,10,2,10
642319e944eca441c5c9da96,DADITP000020,142302,2023-05-01T07:00:00.000Z,FALSE,BFCCMW00C0K0,2023-03-28T16:46:33.804Z,2023-06-01T06:59:59.999Z,E5ADV2000020,2023-03-28T17:58:33.134Z,10,0,
642319e944eca441c5c9da97,DADITP000020,142302,2023-06-01T07:00:00.000Z,FALSE,BFCCMW00C0K0,2023-03-28T16:46:33.804Z,2023-07-01T06:59:59.999Z,E5ADV2000020,2023-03-28T17:58:33.134Z,10,0,
642319e944eca441c5c9da98,DADITP000020,142302,2023-07-01T07:00:00.000Z,FALSE,BFCCMW00C0K0,2023-03-28T16:46:33.804Z,2023-08-01T06:59:59.999Z,E5ADV2000020,2023-03-28T17:58:33.134Z,10,0,
642319e944eca441c5c9da99,DADITP000020,142302,2023-08-01T07:00:00.000Z,FALSE,BFCCMW00C0K0,2023-03-28T16:46:33.804Z,2023-09-01T06:59:59.999Z,E5ADV2000020,2023-03-28T17:58:33.134Z,10,0,
642319e944eca441c5c9da9a,DADITP000020,142302,2023-09-01T07:00:00.000Z,FALSE,BFCCMW00C0K0,2023-03-28T16:46:33.804Z,2023-10-01T06:59:59.999Z,E5ADV2000020,2023-03-28T17:58:33.134Z,10,0,
642319e944eca441c5c9da9b,DADITP000020,142302,2023-10-01T07:00:00.000Z,FALSE,BFCCMW00C0K0,2023-03-28T16:46:33.804Z,2023-11-01T06:59:59.999Z,E5ADV2000020,2023-03-28T17:58:33.134Z,10,0,
642319e944eca441c5c9da9c,DADITP000020,142302,2023-11-01T07:00:00.000Z,FALSE,BFCCMW00C0K0,2023-03-28T16:46:33.804Z,2023-12-01T07:59:59.999Z,E5ADV2000020,2023-03-28T17:58:33.134Z,10,0,
642319e944eca441c5c9da9d,DADITP000020,142302,2023-12-01T08:00:00.000Z,FALSE,BFCCMW00C0K0,2023-03-28T16:46:33.804Z,2024-01-01T07:59:59.999Z,E5ADV2000020,2023-03-28T17:58:33.134Z,10,0,
642319e944eca441c5c9da9e,DADITP000020,142302,2024-01-01T08:00:00.000Z,FALSE,BFCCMW00C0K0,2023-03-28T16:46:33.804Z,2024-02-01T07:59:59.999Z,E5ADV2000020,2023-03-28T17:58:33.134Z,10,0,
642319e944eca441c5c9da9f,DADITP000020,142302,2024-02-01T08:00:00.000Z,FALSE,BFCCMW00C0K0,2023-03-28T16:46:33.804Z,2024-03-01T07:59:59.999Z,E5ADV2000020,2023-03-28T17:58:33.134Z,10,0,
6446f40a44eca441c58fcf87,DADITP000020,364903,2023-04-01T07:00:00.000Z,TRUE,BFCCP401Y0K0,2023-04-24T21:26:34.523Z,2023-05-01T06:59:59.999Z,BKE5JH02Z0K0,2023-05-01T17:06:27.789Z,45,2,45
6446f40a44eca441c58fcf88,DADITP000020,364903,2023-05-01T07:00:00.000Z,FALSE,BFCCP401Y0K0,2023-04-24T21:26:34.523Z,2023-06-01T06:59:59.999Z,E5ADV2000020,2023-04-28T23:17:08.307Z,50,0,
6446f40a44eca441c58fcf89,DADITP000020,364903,2023-06-01T07:00:00.000Z,FALSE,BFCCP401Y0K0,2023-04-24T21:26:34.523Z,2023-07-01T06:59:59.999Z,BFCCP401Y0K0,2023-04-24T21:26:34.523Z,50,0,
6446f40a44eca441c58fcf8a,DADITP000020,364903,2023-07-01T07:00:00.000Z,FALSE,BFCCP401Y0K0,2023-04-24T21:26:34.523Z,2023-08-01T06:59:59.999Z,BFCCP401Y0K0,2023-04-24T21:26:34.523Z,50,0,
6446f40a44eca441c58fcf8b,DADITP000020,364903,2023-08-01T07:00:00.000Z,FALSE,BFCCP401Y0K0,2023-04-24T21:26:34.523Z,2023-09-01T06:59:59.999Z,BFCCP401Y0K0,2023-04-24T21:26:34.523Z,50,0,
6446f40a44eca441c58fcf8c,DADITP000020,364903,2023-09-01T07:00:00.000Z,FALSE,BFCCP401Y0K0,2023-04-24T21:26:34.523Z,2023-10-01T06:59:59.999Z,BFCCP401Y0K0,2023-04-24T21:26:34.523Z,50,0,
6446f40a44eca441c58fcf8d,DADITP000020,364903,2023-10-01T07:00:00.000Z,FALSE,BFCCP401Y0K0,2023-04-24T21:26:34.523Z,2023-11-01T06:59:59.999Z,BFCCP401Y0K0,2023-04-24T21:26:34.523Z,50,0,
6446f40a44eca441c58fcf8e,DADITP000020,364903,2023-11-01T07:00:00.000Z,FALSE,BFCCP401Y0K0,2023-04-24T21:26:34.523Z,2023-12-01T07:59:59.999Z,BFCCP401Y0K0,2023-04-24T21:26:34.523Z,50,0,
6446f40a44eca441c58fcf8f,DADITP000020,364903,2023-12-01T08:00:00.000Z,FALSE,BFCCP401Y0K0,2023-04-24T21:26:34.523Z,2024-01-01T07:59:59.999Z,BFCCP401Y0K0,2023-04-24T21:26:34.523Z,50,0,
6446f40a44eca441c58fcf90,DADITP000020,364903,2024-01-01T08:00:00.000Z,FALSE,BFCCP401Y0K0,2023-04-24T21:26:34.523Z,2024-02-01T07:59:59.999Z,BFCCP401Y0K0,2023-04-24T21:26:34.523Z,50,0,
6446f40a44eca441c58fcf91,DADITP000020,364903,2024-02-01T08:00:00.000Z,FALSE,BFCCP401Y0K0,2023-04-24T21:26:34.523Z,2024-03-01T07:59:59.999Z,BFCCP401Y0K0,2023-04-24T21:26:34.523Z,50,0,
6446f40a44eca441c58fcf92,DADITP000020,364903,2024-03-01T08:00:00.000Z,FALSE,BFCCP401Y0K0,2023-04-24T21:26:34.523Z,2024-04-01T06:59:59.999Z,BFCCP401Y0K0,2023-04-24T21:26:34.523Z,50,0,
63d96eb944eca441c55b3fe0,E6GZU0001020,126105,2023-01-01T08:00:00.000Z,TRUE,BFCCP401Y0K0,2023-01-31T19:40:41.284Z,2023-02-01T07:59:59.999Z,BFCCOY07A0K0,2023-02-01T23:40:21.984Z,5,2,5
63f7bd2544eca441c570ebcc,E6GZU0001020,142101,2023-02-01T08:00:00.000Z,TRUE,BFCCMW00C0K0,2023-02-23T19:23:17.655Z,2023-03-01T07:59:59.999Z,BKE5JH02Z0K0,2023-02-28T19:05:59.946Z,20,2,20
64231c1744eca441c5ca9f85,E6GZU0001020,142302,2023-03-01T08:00:00.000Z,TRUE,BFCCMW00C0K0,2023-03-28T16:55:51.808Z,2023-04-01T06:59:59.999Z,BKE5JH02Z0K0,2023-03-31T16:30:57.421Z,0,2,0
64231c1744eca441c5ca9f86,E6GZU0001020,142302,2023-04-01T07:00:00.000Z,TRUE,BFCCMW00C0K0,2023-03-28T16:55:51.808Z,2023-05-01T06:59:59.999Z,BKE5JH02Z0K0,2023-05-01T17:06:27.806Z,15,2,15
64231c1744eca441c5ca9f87,E6GZU0001020,142302,2023-05-01T07:00:00.000Z,FALSE,BFCCMW00C0K0,2023-03-28T16:55:51.808Z,2023-06-01T06:59:59.999Z,BFCCMW00C0K0,2023-03-28T16:55:51.808Z,15,0,
64231c1744eca441c5ca9f88,E6GZU0001020,142302,2023-06-01T07:00:00.000Z,FALSE,BFCCMW00C0K0,2023-03-28T16:55:51.808Z,2023-07-01T06:59:59.999Z,BFCCMW00C0K0,2023-03-28T16:55:51.808Z,15,0,
64231c1744eca441c5ca9f89,E6GZU0001020,142302,2023-07-01T07:00:00.000Z,FALSE,BFCCMW00C0K0,2023-03-28T16:55:51.808Z,2023-08-01T06:59:59.999Z,BFCCMW00C0K0,2023-03-28T16:55:51.808Z,15,0,
64231c1744eca441c5ca9f8a,E6GZU0001020,142302,2023-08-01T07:00:00.000Z,FALSE,BFCCMW00C0K0,2023-03-28T16:55:51.808Z,2023-09-01T06:59:59.999Z,BFCCMW00C0K0,2023-03-28T16:55:51.808Z,15,0,
64231c1744eca441c5ca9f8b,E6GZU0001020,142302,2023-09-01T07:00:00.000Z,FALSE,BFCCMW00C0K0,2023-03-28T16:55:51.808Z,2023-10-01T06:59:59.999Z,BFCCMW00C0K0,2023-03-28T16:55:51.808Z,15,0,
64231c1744eca441c5ca9f8c,E6GZU0001020,142302,2023-10-01T07:00:00.000Z,FALSE,BFCCMW00C0K0,2023-03-28T16:55:51.808Z,2023-11-01T06:59:59.999Z,BFCCMW00C0K0,2023-03-28T16:55:51.808Z,15,0,
64231c1744eca441c5ca9f8d,E6GZU0001020,142302,2023-11-01T07:00:00.000Z,FALSE,BFCCMW00C0K0,2023-03-28T16:55:51.808Z,2023-12-01T07:59:59.999Z,BFCCMW00C0K0,2023-03-28T16:55:51.808Z,15,0,
64231c1744eca441c5ca9f8e,E6GZU0001020,142302,2023-12-01T08:00:00.000Z,FALSE,BFCCMW00C0K0,2023-03-28T16:55:51.808Z,2024-01-01T07:59:59.999Z,BFCCMW00C0K0,2023-03-28T16:55:51.808Z,15,0,
64231c1744eca441c5ca9f8f,E6GZU0001020,142302,2024-01-01T08:00:00.000Z,FALSE,BFCCMW00C0K0,2023-03-28T16:55:51.808Z,2024-02-01T07:59:59.999Z,BFCCMW00C0K0,2023-03-28T16:55:51.808Z,15,0,
64231c1744eca441c5ca9f90,E6GZU0001020,142302,2024-02-01T08:00:00.000Z,FALSE,BFCCMW00C0K0,2023-03-28T16:55:51.808Z,2024-03-01T07:59:59.999Z,BFCCMW00C0K0,2023-03-28T16:55:51.808Z,15,0,
64231ab844eca441c5ca497a,E6GZU0001020,164104,2023-07-01T07:00:00.000Z,FALSE,BFCCMW00C0K0,2023-03-28T16:50:00.748Z,2023-08-01T06:59:59.999Z,BFCCMW00C0K0,2023-03-28T16:50:00.748Z,10,0,
64231ab844eca441c5ca497c,E6GZU0001020,164104,2023-08-01T07:00:00.000Z,FALSE,BFCCMW00C0K0,2023-03-28T16:50:00.748Z,2023-09-01T06:59:59.999Z,BFCCMW00C0K0,2023-03-28T16:50:00.748Z,10,0,
64231ab844eca441c5ca497e,E6GZU0001020,164104,2023-09-01T07:00:00.000Z,FALSE,BFCCMW00C0K0,2023-03-28T16:50:00.748Z,2023-10-01T06:59:59.999Z,BFCCMW00C0K0,2023-03-28T16:50:00.748Z,10,0,
64231ab844eca441c5ca497f,E6GZU0001020,164104,2023-10-01T07:00:00.000Z,FALSE,BFCCMW00C0K0,2023-03-28T16:50:00.748Z,2023-11-01T06:59:59.999Z,BFCCMW00C0K0,2023-03-28T16:50:00.748Z,10,0,
64231ab844eca441c5ca4981,E6GZU0001020,164104,2023-11-01T07:00:00.000Z,FALSE,BFCCMW00C0K0,2023-03-28T16:50:00.748Z,2023-12-01T07:59:59.999Z,BFCCMW00C0K0,2023-03-28T16:50:00.748Z,10,0,
64231ab844eca441c5ca4982,E6GZU0001020,164104,2023-12-01T08:00:00.000Z,FALSE,BFCCMW00C0K0,2023-03-28T16:50:00.748Z,2024-01-01T07:59:59.999Z,BFCCMW00C0K0,2023-03-28T16:50:00.748Z,10,0,
64231ab844eca441c5ca4983,E6GZU0001020,164104,2024-01-01T08:00:00.000Z,FALSE,BFCCMW00C0K0,2023-03-28T16:50:00.748Z,2024-02-01T07:59:59.999Z,BFCCMW00C0K0,2023-03-28T16:50:00.748Z,10,0,
64231ab844eca441c5ca4984,E6GZU0001020,164104,2024-02-01T08:00:00.000Z,FALSE,BFCCMW00C0K0,2023-03-28T16:50:00.748Z,2024-03-01T07:59:59.999Z,BFCCMW00C0K0,2023-03-28T16:50:00.748Z,10,0,
64231ab844eca441c5ca4985,E6GZU0001020,164104,2024-03-01T08:00:00.000Z,FALSE,BFCCMW00C0K0,2023-03-28T16:50:00.748Z,2024-04-01T06:59:59.999Z,BFCCMW00C0K0,2023-03-28T16:50:00.748Z,10,0,
64231ab844eca441c5ca4986,E6GZU0001020,164104,2024-04-01T07:00:00.000Z,FALSE,BFCCMW00C0K0,2023-03-28T16:50:00.748Z,2024-05-01T06:59:59.999Z,BFCCMW00C0K0,2023-03-28T16:50:00.748Z,10,0,
64231ab844eca441c5ca4987,E6GZU0001020,164104,2024-05-01T07:00:00.000Z,FALSE,BFCCMW00C0K0,2023-03-28T16:50:00.748Z,2024-06-01T06:59:59.999Z,BFCCMW00C0K0,2023-03-28T16:50:00.748Z,10,0,
64231ab844eca441c5ca4988,E6GZU0001020,164104,2024-06-01T07:00:00.000Z,FALSE,BFCCMW00C0K0,2023-03-28T16:50:00.748Z,2024-07-01T06:59:59.999Z,BFCCMW00C0K0,2023-03-28T16:50:00.748Z,10,0,
63fd436e44eca441c56f98ff,E6GZU0001020,367503,2023-02-01T08:00:00.000Z,TRUE,E5ADV2000020,2023-02-27T23:57:34.945Z,2023-03-01T07:59:59.999Z,BFCCOY07A0K0,2023-03-15T17:26:55.471Z,15,2,15
63fd436e44eca441c56f9900,E6GZU0001020,367503,2023-03-01T08:00:00.000Z,FALSE,E5ADV2000020,2023-02-27T23:57:34.945Z,2023-04-01T06:59:59.999Z,E5ADV2000020,2023-03-28T18:14:06.901Z,5,2,5
63fd436e44eca441c56f9901,E6GZU0001020,367503,2023-04-01T07:00:00.000Z,FALSE,E5ADV2000020,2023-02-27T23:57:34.945Z,2023-05-01T06:59:59.999Z,BQT7LW0000K0,2023-03-27T22:18:47.644Z,0,3,
63fd436e44eca441c56f9902,E6GZU0001020,367503,2023-05-01T07:00:00.000Z,FALSE,E5ADV2000020,2023-02-27T23:57:34.945Z,2023-06-01T06:59:59.999Z,BQT7LW0000K0,2023-03-27T22:18:47.644Z,0,3,
63fd436e44eca441c56f9903,E6GZU0001020,367503,2023-06-01T07:00:00.000Z,FALSE,E5ADV2000020,2023-02-27T23:57:34.945Z,2023-07-01T06:59:59.999Z,BQT7LW0000K0,2023-03-27T22:18:47.644Z,0,3,
63fd436e44eca441c56f9904,E6GZU0001020,367503,2023-07-01T07:00:00.000Z,FALSE,E5ADV2000020,2023-02-27T23:57:34.945Z,2023-08-01T06:59:59.999Z,BQT7LW0000K0,2023-03-27T22:18:47.644Z,0,3,
63fd436e44eca441c56f9905,E6GZU0001020,367503,2023-08-01T07:00:00.000Z,FALSE,E5ADV2000020,2023-02-27T23:57:34.945Z,2023-09-01T06:59:59.999Z,BQT7LW0000K0,2023-03-27T22:18:47.644Z,0,3,
63fd436e44eca441c56f9906,E6GZU0001020,367503,2023-09-01T07:00:00.000Z,FALSE,E5ADV2000020,2023-02-27T23:57:34.945Z,2023-10-01T06:59:59.999Z,BQT7LW0000K0,2023-03-27T22:18:47.644Z,0,3,
63fd436e44eca441c56f9907,E6GZU0001020,367503,2023-10-01T07:00:00.000Z,FALSE,E5ADV2000020,2023-02-27T23:57:34.945Z,2023-11-01T06:59:59.999Z,BQT7LW0000K0,2023-03-27T22:18:47.644Z,0,3,
63fd436e44eca441c56f9908,E6GZU0001020,367503,2023-11-01T07:00:00.000Z,FALSE,E5ADV2000020,2023-02-27T23:57:34.945Z,2023-12-01T07:59:59.999Z,BQT7LW0000K0,2023-03-27T22:18:47.644Z,0,3,
63fd436e44eca441c56f9909,E6GZU0001020,367503,2023-12-01T08:00:00.000Z,FALSE,E5ADV2000020,2023-02-27T23:57:34.945Z,2024-01-01T07:59:59.999Z,BQT7LW0000K0,2023-03-27T22:18:47.644Z,0,3,
63fd436e44eca441c56f990a,E6GZU0001020,367503,2024-01-01T08:00:00.000Z,FALSE,E5ADV2000020,2023-02-27T23:57:34.945Z,2024-02-01T07:59:59.999Z,BQT7LW0000K0,2023-03-27T22:18:47.644Z,0,3,
642445c744eca441c542568e,E6GZU0001020,1009023,2023-03-01T08:00:00.000Z,TRUE,BQT7LW0000K0,2023-03-29T14:05:59.894Z,2023-04-01T06:59:59.999Z,BFCCPE05P0K0,2023-04-03T17:24:25.583Z,15,2,15
63d07a2644eca441c564ac3d,EG6WT4000020,370601,2023-01-01T08:00:00.000Z,TRUE,BFCCP401Y0K0,2023-01-25T00:39:02.356Z,2023-02-01T07:59:59.999Z,BZVO9A0000K0,2023-02-02T00:45:16.427Z,10,2,10
63d07a2644eca441c564ac3e,EG6WT4000020,370601,2023-02-01T08:00:00.000Z,TRUE,BFCCP401Y0K0,2023-01-25T00:39:02.356Z,2023-03-01T07:59:59.999Z,BZVO9A0000K0,2023-04-14T21:50:36.432Z,0,2,0
63d07a2644eca441c564ac3f,EG6WT4000020,370601,2023-03-01T08:00:00.000Z,TRUE,BFCCP401Y0K0,2023-01-25T00:39:02.356Z,2023-04-01T06:59:59.999Z,BZVO9A0000K0,2023-04-03T18:22:30.869Z,57.5,2,57.5
63fd3d9544eca441c5671788,EG6WT4000020,567123,2023-02-01T08:00:00.000Z,TRUE,E5ADV2000020,2023-02-27T23:32:37.653Z,2023-03-01T07:59:59.999Z,BFCCLJ0220K0,2023-02-28T18:06:11.500Z,15,2,15
63fd3d9544eca441c5671789,EG6WT4000020,567123,2023-03-01T08:00:00.000Z,TRUE,E5ADV2000020,2023-02-27T23:32:37.653Z,2023-04-01T06:59:59.999Z,BFCCLJ0220K0,2023-03-31T16:36:58.677Z,0,2,0
63fd3d9544eca441c567178a,EG6WT4000020,567123,2023-04-01T07:00:00.000Z,TRUE,E5ADV2000020,2023-02-27T23:32:37.653Z,2023-05-01T06:59:59.999Z,BFCCLJ0220K0,2023-05-01T17:13:21.048Z,20,2,20
63fd3d9544eca441c567178b,EG6WT4000020,567123,2023-05-01T07:00:00.000Z,FALSE,E5ADV2000020,2023-02-27T23:32:37.653Z,2023-06-01T06:59:59.999Z,E5ADV2000020,2023-04-27T22:50:47.813Z,0,0,
63fd3d9544eca441c567178c,EG6WT4000020,567123,2023-06-01T07:00:00.000Z,FALSE,E5ADV2000020,2023-02-27T23:32:37.653Z,2023-07-01T06:59:59.999Z,BQT7LW0000K0,2023-04-28T18:14:33.917Z,0,0,
63fd40fa44eca441c56f2f5c,EG6WT4000020,1009023,2023-02-01T08:00:00.000Z,TRUE,E5ADV2000020,2023-02-27T23:47:06.521Z,2023-03-01T07:59:59.999Z,BFCCPE05P0K0,2023-02-28T20:51:41.538Z,15,2,15
63fd40fa44eca441c56f2f5d,EG6WT4000020,1009023,2023-03-01T08:00:00.000Z,TRUE,E5ADV2000020,2023-02-27T23:47:06.521Z,2023-04-01T06:59:59.999Z,BFCCPE05P0K0,2023-04-03T17:24:25.488Z,0,2,0
63fd40fa44eca441c56f2f5e,EG6WT4000020,1009023,2023-04-01T07:00:00.000Z,FALSE,E5ADV2000020,2023-02-27T23:47:06.521Z,2023-05-01T06:59:59.999Z,BQT7LW0000K0,2023-03-16T20:07:41.140Z,15,3,
63fd40fa44eca441c56f2f5f,EG6WT4000020,1009023,2023-05-01T07:00:00.000Z,FALSE,E5ADV2000020,2023-02-27T23:47:06.521Z,2023-06-01T06:59:59.999Z,BQT7LW0000K0,2023-03-16T20:07:41.140Z,15,3,
63fd40fa44eca441c56f2f60,EG6WT4000020,1009023,2023-06-01T07:00:00.000Z,FALSE,E5ADV2000020,2023-02-27T23:47:06.521Z,2023-07-01T06:59:59.999Z,BQT7LW0000K0,2023-03-16T20:07:41.140Z,15,3,
6424c6ab44eca441c52bbbbe,EG6WT4000020,9000392,2023-03-01T08:00:00.000Z,TRUE,E5ADV2000020,2023-03-29T23:15:55.385Z,2023-04-01T06:59:59.999Z,BFCCOX05U0K0,2023-04-03T18:32:54.361Z,5,2,5
6424c6ab44eca441c52bbbbf,EG6WT4000020,9000392,2023-04-01T07:00:00.000Z,TRUE,E5ADV2000020,2023-03-29T23:15:55.385Z,2023-05-01T06:59:59.999Z,BFCCOX05U0K0,2023-05-01T19:34:33.248Z,0,2,0
6424c6ab44eca441c52bbbc0,EG6WT4000020,9000392,2023-05-01T07:00:00.000Z,FALSE,E5ADV2000020,2023-03-29T23:15:55.385Z,2023-06-01T06:59:59.999Z,E5ADV2000020,2023-03-29T23:16:02.326Z,15,0,
6424c6ab44eca441c52bbbc1,EG6WT4000020,9000392,2023-06-01T07:00:00.000Z,FALSE,E5ADV2000020,2023-03-29T23:15:55.385Z,2023-07-01T06:59:59.999Z,E5ADV2000020,2023-03-29T23:16:02.326Z,15,0,
6424c6ab44eca441c52bbbc2,EG6WT4000020,9000392,2023-07-01T07:00:00.000Z,FALSE,E5ADV2000020,2023-03-29T23:15:55.385Z,2023-08-01T06:59:59.999Z,E5ADV2000020,2023-03-29T23:16:02.326Z,15,0,
6424c6ab44eca441c52bbbc3,EG6WT4000020,9000392,2023-08-01T07:00:00.000Z,FALSE,E5ADV2000020,2023-03-29T23:15:55.385Z,2023-09-01T06:59:59.999Z,E5ADV2000020,2023-03-29T23:16:02.326Z,15,0,
6424c6ab44eca441c52bbbc4,EG6WT4000020,9000392,2023-09-01T07:00:00.000Z,FALSE,E5ADV2000020,2023-03-29T23:15:55.385Z,2023-10-01T06:59:59.999Z,E5ADV2000020,2023-03-29T23:16:02.326Z,15,0,
6424c6ab44eca441c52bbbc5,EG6WT4000020,9000392,2023-10-01T07:00:00.000Z,FALSE,E5ADV2000020,2023-03-29T23:15:55.385Z,2023-11-01T06:59:59.999Z,E5ADV2000020,2023-03-29T23:16:02.326Z,15,0,
6424c6ab44eca441c52bbbc6,EG6WT4000020,9000392,2023-11-01T07:00:00.000Z,FALSE,E5ADV2000020,2023-03-29T23:15:55.385Z,2023-12-01T07:59:59.999Z,E5ADV2000020,2023-03-29T23:16:02.326Z,15,0,
6424c6ab44eca441c52bbbc7,EG6WT4000020,9000392,2023-12-01T08:00:00.000Z,FALSE,E5ADV2000020,2023-03-29T23:15:55.385Z,2024-01-01T07:59:59.999Z,E5ADV2000020,2023-03-29T23:16:02.326Z,15,0,
6424c6ab44eca441c52bbbc8,EG6WT4000020,9000392,2024-01-01T08:00:00.000Z,FALSE,E5ADV2000020,2023-03-29T23:15:55.385Z,2024-02-01T07:59:59.999Z,E5ADV2000020,2023-03-29T23:16:02.326Z,15,0,
6424c6ab44eca441c52bbbc9,EG6WT4000020,9000392,2024-02-01T08:00:00.000Z,FALSE,E5ADV2000020,2023-03-29T23:15:55.385Z,2024-03-01T07:59:59.999Z,E5ADV2000020,2023-03-29T23:16:02.326Z,15,0,
6424c6ab44eca441c52bbbca,EG6WT4000020,9000392,2024-03-01T08:00:00.000Z,FALSE,E5ADV2000020,2023-03-29T23:15:55.385Z,2024-04-01T06:59:59.999Z,E5ADV2000020,2023-03-29T23:16:02.326Z,15,0,
6424c6ab44eca441c52bbbcb,EG6WT4000020,9000392,2024-04-01T07:00:00.000Z,FALSE,E5ADV2000020,2023-03-29T23:15:55.385Z,2024-05-01T06:59:59.999Z,E5ADV2000020,2023-03-29T23:16:02.326Z,15,0,
6424c6ab44eca441c52bbbcc,EG6WT4000020,9000392,2024-05-01T07:00:00.000Z,FALSE,E5ADV2000020,2023-03-29T23:15:55.385Z,2024-06-01T06:59:59.999Z,E5ADV2000020,2023-03-29T23:16:02.326Z,15,0,
6424c6ab44eca441c52bbbcd,EG6WT4000020,9000392,2024-06-01T07:00:00.000Z,FALSE,E5ADV2000020,2023-03-29T23:15:55.385Z,2024-07-01T06:59:59.999Z,E5ADV2000020,2023-03-29T23:16:02.326Z,15,0,
6424c6ab44eca441c52bbbce,EG6WT4000020,9000392,2024-07-01T07:00:00.000Z,FALSE,E5ADV2000020,2023-03-29T23:15:55.385Z,2024-08-01T06:59:59.999Z,E5ADV2000020,2023-03-29T23:16:02.326Z,15,0,
6424c6ab44eca441c52bbbcf,EG6WT4000020,9000392,2024-08-01T07:00:00.000Z,FALSE,E5ADV2000020,2023-03-29T23:15:55.385Z,2024-09-01T06:59:59.999Z,E5ADV2000020,2023-03-29T23:16:02.326Z,15,0,
6424c6ab44eca441c52bbbd0,EG6WT4000020,9000392,2024-09-01T07:00:00.000Z,FALSE,E5ADV2000020,2023-03-29T23:15:55.385Z,2024-10-01T06:59:59.999Z,E5ADV2000020,2023-03-29T23:16:02.326Z,15,0,
6424c6ab44eca441c52bbbd1,EG6WT4000020,9000392,2024-10-01T07:00:00.000Z,FALSE,E5ADV2000020,2023-03-29T23:15:55.385Z,2024-11-01T06:59:59.999Z,E5ADV2000020,2023-03-29T23:16:02.326Z,15,0,
6424c6ab44eca441c52bbbd2,EG6WT4000020,9000392,2024-11-01T07:00:00.000Z,FALSE,E5ADV2000020,2023-03-29T23:15:55.385Z,2024-12-01T07:59:59.999Z,E5ADV2000020,2023-03-29T23:16:02.326Z,15,0,
6424c6ab44eca441c52bbbd3,EG6WT4000020,9000392,2024-12-01T08:00:00.000Z,FALSE,E5ADV2000020,2023-03-29T23:15:55.385Z,2025-01-01T07:59:59.999Z,E5ADV2000020,2023-03-29T23:16:02.326Z,15,0,
6424c6ab44eca441c52bbbd4,EG6WT4000020,9000392,2025-01-01T08:00:00.000Z,FALSE,E5ADV2000020,2023-03-29T23:15:55.385Z,2025-02-01T07:59:59.999Z,E5ADV2000020,2023-03-29T23:16:02.326Z,15,0,
6424c6ab44eca441c52bbbd5,EG6WT4000020,9000392,2025-02-01T08:00:00.000Z,FALSE,E5ADV2000020,2023-03-29T23:15:55.385Z,2025-03-01T07:59:59.999Z,E5ADV2000020,2023-03-29T23:16:02.326Z,15,0,
6424c6ab44eca441c52bbbd6,EG6WT4000020,9000392,2025-03-01T08:00:00.000Z,FALSE,E5ADV2000020,2023-03-29T23:15:55.385Z,2025-04-01T06:59:59.999Z,E5ADV2000020,2023-03-29T23:16:02.326Z,15,0,
6424c6ab44eca441c52bbbd7,EG6WT4000020,9000392,2025-04-01T07:00:00.000Z,FALSE,E5ADV2000020,2023-03-29T23:15:55.385Z,2025-05-01T06:59:59.999Z,E5ADV2000020,2023-03-29T23:16:02.326Z,15,0,
6424c6ab44eca441c52bbbd8,EG6WT4000020,9000392,2025-05-01T07:00:00.000Z,FALSE,E5ADV2000020,2023-03-29T23:15:55.385Z,2025-06-01T06:59:59.999Z,E5ADV2000020,2023-03-29T23:16:02.326Z,15,0,
6424c6ab44eca441c52bbbd9,EG6WT4000020,9000392,2025-06-01T07:00:00.000Z,FALSE,E5ADV2000020,2023-03-29T23:15:55.385Z,2025-07-01T06:59:59.999Z,E5ADV2000020,2023-03-29T23:16:02.326Z,15,0,
6424c6ab44eca441c52bbbda,EG6WT4000020,9000392,2025-07-01T07:00:00.000Z,FALSE,E5ADV2000020,2023-03-29T23:15:55.385Z,2025-08-01T06:59:59.999Z,E5ADV2000020,2023-03-29T23:16:02.326Z,15,0,
6424c6ab44eca441c52bbbdb,EG6WT4000020,9000392,2025-08-01T07:00:00.000Z,FALSE,E5ADV2000020,2023-03-29T23:15:55.385Z,2025-09-01T06:59:59.999Z,E5ADV2000020,2023-03-29T23:16:02.326Z,15,0,
6424c6ab44eca441c52bbbdc,EG6WT4000020,9000392,2025-09-01T07:00:00.000Z,FALSE,E5ADV2000020,2023-03-29T23:15:55.385Z,2025-10-01T06:59:59.999Z,E5ADV2000020,2023-03-29T23:16:02.326Z,15,0,
6424c6ab44eca441c52bbbde,EG6WT4000020,9000392,2025-10-01T07:00:00.000Z,FALSE,E5ADV2000020,2023-03-29T23:15:55.385Z,2025-11-01T06:59:59.999Z,E5ADV2000020,2023-03-29T23:16:02.326Z,15,0,
6424c6ab44eca441c52bbbdf,EG6WT4000020,9000392,2025-11-01T07:00:00.000Z,FALSE,E5ADV2000020,2023-03-29T23:15:55.385Z,2025-12-01T07:59:59.999Z,E5ADV2000020,2023-03-29T23:16:02.326Z,15,0,
6424c6ab44eca441c52bbbe0,EG6WT4000020,9000392,2025-12-01T08:00:00.000Z,FALSE,E5ADV2000020,2023-03-29T23:15:55.385Z,2026-01-01T07:59:59.999Z,E5ADV2000020,2023-03-29T23:16:02.326Z,15,0,
6424c6ab44eca441c52bbbe1,EG6WT4000020,9000392,2026-01-01T08:00:00.000Z,FALSE,E5ADV2000020,2023-03-29T23:15:55.385Z,2026-02-01T07:59:59.999Z,E5ADV2000020,2023-03-29T23:16:02.326Z,15,0,
6424c6ab44eca441c52bbbe2,EG6WT4000020,9000392,2026-02-01T08:00:00.000Z,FALSE,E5ADV2000020,2023-03-29T23:15:55.385Z,2026-03-01T07:59:59.999Z,E5ADV2000020,2023-03-29T23:16:02.326Z,15,0,
6424c6ab44eca441c52bbbe3,EG6WT4000020,9000392,2026-03-01T08:00:00.000Z,FALSE,E5ADV2000020,2023-03-29T23:15:55.385Z,2026-04-01T06:59:59.999Z,E5ADV2000020,2023-03-29T23:16:02.326Z,15,0,
6424c6ab44eca441c52bbbe4,EG6WT4000020,9000392,2026-04-01T07:00:00.000Z,FALSE,E5ADV2000020,2023-03-29T23:15:55.385Z,2026-05-01T06:59:59.999Z,E5ADV2000020,2023-03-29T23:16:02.326Z,15,0,
6424c6ab44eca441c52bbbe5,EG6WT4000020,9000392,2026-05-01T07:00:00.000Z,FALSE,E5ADV2000020,2023-03-29T23:15:55.385Z,2026-06-01T06:59:59.999Z,E5ADV2000020,2023-03-29T23:16:02.326Z,15,0,
6424c6ab44eca441c52bbbe6,EG6WT4000020,9000392,2026-06-01T07:00:00.000Z,FALSE,E5ADV2000020,2023-03-29T23:15:55.385Z,2026-07-01T06:59:59.999Z,E5ADV2000020,2023-03-29T23:16:02.326Z,15,0,
6424c6ab44eca441c52bbbe7,EG6WT4000020,9000392,2026-07-01T07:00:00.000Z,FALSE,E5ADV2000020,2023-03-29T23:15:55.385Z,2026-08-01T06:59:59.999Z,E5ADV2000020,2023-03-29T23:16:02.326Z,15,0,
6424c6ab44eca441c52bbbe8,EG6WT4000020,9000392,2026-08-01T07:00:00.000Z,FALSE,E5ADV2000020,2023-03-29T23:15:55.385Z,2026-09-01T06:59:59.999Z,E5ADV2000020,2023-03-29T23:16:02.326Z,15,0,
6424c6ab44eca441c52bbbe9,EG6WT4000020,9000392,2026-09-01T07:00:00.000Z,FALSE,E5ADV2000020,2023-03-29T23:15:55.385Z,2026-10-01T06:59:59.999Z,E5ADV2000020,2023-03-29T23:16:02.326Z,15,0,
6424c6ab44eca441c52bbbea,EG6WT4000020,9000392,2026-10-01T07:00:00.000Z,FALSE,E5ADV2000020,2023-03-29T23:15:55.385Z,2026-11-01T06:59:59.999Z,E5ADV2000020,2023-03-29T23:16:02.326Z,15,0,
6424c6ab44eca441c52bbbeb,EG6WT4000020,9000392,2026-11-01T07:00:00.000Z,FALSE,E5ADV2000020,2023-03-29T23:15:55.385Z,2026-12-01T07:59:59.999Z,E5ADV2000020,2023-03-29T23:16:02.326Z,15,0,
6424c6ab44eca441c52bbbec,EG6WT4000020,9000392,2026-12-01T08:00:00.000Z,FALSE,E5ADV2000020,2023-03-29T23:15:55.385Z,2027-01-01T07:59:59.999Z,E5ADV2000020,2023-03-29T23:16:02.326Z,15,0,
6424c6ab44eca441c52bbbed,EG6WT4000020,9000392,2027-01-01T08:00:00.000Z,FALSE,E5ADV2000020,2023-03-29T23:15:55.385Z,2027-02-01T07:59:59.999Z,E5ADV2000020,2023-03-29T23:16:02.326Z,15,0,
6424c6ab44eca441c52bbbee,EG6WT4000020,9000392,2027-02-01T08:00:00.000Z,FALSE,E5ADV2000020,2023-03-29T23:15:55.385Z,2027-03-01T07:59:59.999Z,E5ADV2000020,2023-03-29T23:16:02.326Z,15,0,
6424c6ab44eca441c52bbbef,EG6WT4000020,9000392,2027-03-01T08:00:00.000Z,FALSE,E5ADV2000020,2023-03-29T23:15:55.385Z,2027-04-01T06:59:59.999Z,E5ADV2000020,2023-03-29T23:16:02.326Z,15,0,
6424c6ab44eca441c52bbbf1,EG6WT4000020,9000392,2027-04-01T07:00:00.000Z,FALSE,E5ADV2000020,2023-03-29T23:15:55.385Z,2027-05-01T06:59:59.999Z,E5ADV2000020,2023-03-29T23:16:02.326Z,15,0,
6424c6ab44eca441c52bbbf2,EG6WT4000020,9000392,2027-05-01T07:00:00.000Z,FALSE,E5ADV2000020,2023-03-29T23:15:55.385Z,2027-06-01T06:59:59.999Z,E5ADV2000020,2023-03-29T23:16:02.326Z,15,0,
6424c6ab44eca441c52bbbf3,EG6WT4000020,9000392,2027-06-01T07:00:00.000Z,FALSE,E5ADV2000020,2023-03-29T23:15:55.385Z,2027-07-01T06:59:59.999Z,E5ADV2000020,2023-03-29T23:16:02.326Z,15,0,
6424c6ab44eca441c52bbbf4,EG6WT4000020,9000392,2027-07-01T07:00:00.000Z,FALSE,E5ADV2000020,2023-03-29T23:15:55.385Z,2027-08-01T06:59:59.999Z,E5ADV2000020,2023-03-29T23:16:02.326Z,15,0,
6424c6ab44eca441c52bbbf5,EG6WT4000020,9000392,2027-08-01T07:00:00.000Z,FALSE,E5ADV2000020,2023-03-29T23:15:55.385Z,2027-09-01T06:59:59.999Z,E5ADV2000020,2023-03-29T23:16:02.326Z,15,0,
6424c6ab44eca441c52bbbf6,EG6WT4000020,9000392,2027-09-01T07:00:00.000Z,FALSE,E5ADV2000020,2023-03-29T23:15:55.385Z,2027-10-01T06:59:59.999Z,E5ADV2000020,2023-03-29T23:16:02.326Z,15,0,
6424c6ab44eca441c52bbbf7,EG6WT4000020,9000392,2027-10-01T07:00:00.000Z,FALSE,E5ADV2000020,2023-03-29T23:15:55.385Z,2027-11-01T06:59:59.999Z,E5ADV2000020,2023-03-29T23:16:02.326Z,15,0,
6424c6ab44eca441c52bbbf9,EG6WT4000020,9000392,2027-11-01T07:00:00.000Z,FALSE,E5ADV2000020,2023-03-29T23:15:55.385Z,2027-12-01T07:59:59.999Z,E5ADV2000020,2023-03-29T23:16:02.326Z,15,0,
6424c6ab44eca441c52bbbfb,EG6WT4000020,9000392,2027-12-01T08:00:00.000Z,FALSE,E5ADV2000020,2023-03-29T23:15:55.385Z,2028-01-01T07:59:59.999Z,E5ADV2000020,2023-03-29T23:16:02.326Z,15,0,
6424c6ab44eca441c52bbbfc,EG6WT4000020,9000392,2028-01-01T08:00:00.000Z,FALSE,E5ADV2000020,2023-03-29T23:15:55.385Z,2028-02-01T07:59:59.999Z,E5ADV2000020,2023-03-29T23:16:02.326Z,15,0,
6424c6ab44eca441c52bbbfe,EG6WT4000020,9000392,2028-02-01T08:00:00.000Z,FALSE,E5ADV2000020,2023-03-29T23:15:55.385Z,2028-03-01T07:59:59.999Z,E5ADV2000020,2023-03-29T23:16:02.326Z,15,0,
6424c6ab44eca441c52bbbff,EG6WT4000020,9000392,2028-03-01T08:00:00.000Z,FALSE,E5ADV2000020,2023-03-29T23:15:55.385Z,2028-04-01T06:59:59.999Z,E5ADV2000020,2023-03-29T23:16:02.326Z,15,0,
6424c6ab44eca441c52bbc01,EG6WT4000020,9000392,2028-04-01T07:00:00.000Z,FALSE,E5ADV2000020,2023-03-29T23:15:55.385Z,2028-05-01T06:59:59.999Z,E5ADV2000020,2023-03-29T23:16:02.326Z,15,0,
6424c6ab44eca441c52bbc02,EG6WT4000020,9000392,2028-05-01T07:00:00.000Z,FALSE,E5ADV2000020,2023-03-29T23:15:55.385Z,2028-06-01T06:59:59.999Z,E5ADV2000020,2023-03-29T23:16:02.326Z,15,0,
6424c6ab44eca441c52bbc03,EG6WT4000020,9000392,2028-06-01T07:00:00.000Z,FALSE,E5ADV2000020,2023-03-29T23:15:55.385Z,2028-07-01T06:59:59.999Z,E5ADV2000020,2023-03-29T23:16:02.326Z,15,0,
6424c6ab44eca441c52bbc04,EG6WT4000020,9000392,2028-07-01T07:00:00.000Z,FALSE,E5ADV2000020,2023-03-29T23:15:55.385Z,2028-08-01T06:59:59.999Z,E5ADV2000020,2023-03-29T23:16:02.326Z,15,0,
6424c6ab44eca441c52bbc05,EG6WT4000020,9000392,2028-08-01T07:00:00.000Z,FALSE,E5ADV2000020,2023-03-29T23:15:55.385Z,2028-09-01T06:59:59.999Z,E5ADV2000020,2023-03-29T23:16:02.326Z,15,0,
6424c6ab44eca441c52bbc06,EG6WT4000020,9000392,2028-09-01T07:00:00.000Z,FALSE,E5ADV2000020,2023-03-29T23:15:55.385Z,2028-10-01T06:59:59.999Z,E5ADV2000020,2023-03-29T23:16:02.326Z,15,0,
6424c6ab44eca441c52bbc07,EG6WT4000020,9000392,2028-10-01T07:00:00.000Z,FALSE,E5ADV2000020,2023-03-29T23:15:55.385Z,2028-11-01T06:59:59.999Z,E5ADV2000020,2023-03-29T23:16:02.326Z,15,0,
6424c6ab44eca441c52bbc08,EG6WT4000020,9000392,2028-11-01T07:00:00.000Z,FALSE,E5ADV2000020,2023-03-29T23:15:55.385Z,2028-12-01T07:59:59.999Z,E5ADV2000020,2023-03-29T23:16:02.326Z,15,0,
6424c6ab44eca441c52bbc09,EG6WT4000020,9000392,2028-12-01T08:00:00.000Z,FALSE,E5ADV2000020,2023-03-29T23:15:55.385Z,2029-01-01T07:59:59.999Z,E5ADV2000020,2023-03-29T23:16:02.326Z,15,0,
6424c6ab44eca441c52bbc0a,EG6WT4000020,9000392,2029-01-01T08:00:00.000Z,FALSE,E5ADV2000020,2023-03-29T23:15:55.385Z,2029-02-01T07:59:59.999Z,E5ADV2000020,2023-03-29T23:16:02.326Z,15,0,
6424c6ab44eca441c52bbc0b,EG6WT4000020,9000392,2029-02-01T08:00:00.000Z,FALSE,E5ADV2000020,2023-03-29T23:15:55.385Z,2029-03-01T07:59:59.999Z,E5ADV2000020,2023-03-29T23:16:02.326Z,15,0,
6424c6ab44eca441c52bbc0c,EG6WT4000020,9000392,2029-03-01T08:00:00.000Z,FALSE,E5ADV2000020,2023-03-29T23:15:55.385Z,2029-04-01T06:59:59.999Z,E5ADV2000020,2023-03-29T23:16:02.326Z,15,0,
6424c6ab44eca441c52bbc0d,EG6WT4000020,9000392,2029-04-01T07:00:00.000Z,FALSE,E5ADV2000020,2023-03-29T23:15:55.385Z,2029-05-01T06:59:59.999Z,E5ADV2000020,2023-03-29T23:16:02.326Z,15,0,
6424c6ab44eca441c52bbc0e,EG6WT4000020,9000392,2029-05-01T07:00:00.000Z,FALSE,E5ADV2000020,2023-03-29T23:15:55.385Z,2029-06-01T06:59:59.999Z,E5ADV2000020,2023-03-29T23:16:02.326Z,15,0,
6424c6ab44eca441c52bbc0f,EG6WT4000020,9000392,2029-06-01T07:00:00.000Z,FALSE,E5ADV2000020,2023-03-29T23:15:55.385Z,2029-07-01T06:59:59.999Z,E5ADV2000020,2023-03-29T23:16:02.326Z,15,0,
6424c6ab44eca441c52bbc10,EG6WT4000020,9000392,2029-07-01T07:00:00.000Z,FALSE,E5ADV2000020,2023-03-29T23:15:55.385Z,2029-08-01T06:59:59.999Z,E5ADV2000020,2023-03-29T23:16:02.326Z,15,0,
6424c6ab44eca441c52bbc11,EG6WT4000020,9000392,2029-08-01T07:00:00.000Z,FALSE,E5ADV2000020,2023-03-29T23:15:55.385Z,2029-09-01T06:59:59.999Z,E5ADV2000020,2023-03-29T23:16:02.326Z,15,0,
6424c6ab44eca441c52bbc12,EG6WT4000020,9000392,2029-09-01T07:00:00.000Z,FALSE,E5ADV2000020,2023-03-29T23:15:55.385Z,2029-10-01T06:59:59.999Z,E5ADV2000020,2023-03-29T23:16:02.326Z,15,0,
6424c6ab44eca441c52bbc13,EG6WT4000020,9000392,2029-10-01T07:00:00.000Z,FALSE,E5ADV2000020,2023-03-29T23:15:55.385Z,2029-11-01T06:59:59.999Z,E5ADV2000020,2023-03-29T23:16:02.326Z,15,0,
6424c6ab44eca441c52bbc14,EG6WT4000020,9000392,2029-11-01T07:00:00.000Z,FALSE,E5ADV2000020,2023-03-29T23:15:55.385Z,2029-12-01T07:59:59.999Z,E5ADV2000020,2023-03-29T23:16:02.326Z,15,0,
6424c6ab44eca441c52bbc15,EG6WT4000020,9000392,2029-12-01T08:00:00.000Z,FALSE,E5ADV2000020,2023-03-29T23:15:55.385Z,2030-01-01T07:59:59.999Z,E5ADV2000020,2023-03-29T23:16:02.326Z,15,0,
6424c6ab44eca441c52bbc16,EG6WT4000020,9000392,2030-01-01T08:00:00.000Z,FALSE,E5ADV2000020,2023-03-29T23:15:55.385Z,2030-02-01T07:59:59.999Z,E5ADV2000020,2023-03-29T23:16:02.326Z,15,0,
6424c6ab44eca441c52bbc17,EG6WT4000020,9000392,2030-02-01T08:00:00.000Z,FALSE,E5ADV2000020,2023-03-29T23:15:55.385Z,2030-03-01T07:59:59.999Z,E5ADV2000020,2023-03-29T23:16:02.326Z,15,0,
6424c6ab44eca441c52bbc18,EG6WT4000020,9000392,2030-03-01T08:00:00.000Z,FALSE,E5ADV2000020,2023-03-29T23:15:55.385Z,2030-04-01T06:59:59.999Z,E5ADV2000020,2023-03-29T23:16:02.326Z,15,0,
6424c6ab44eca441c52bbc19,EG6WT4000020,9000392,2030-04-01T07:00:00.000Z,FALSE,E5ADV2000020,2023-03-29T23:15:55.385Z,2030-05-01T06:59:59.999Z,E5ADV2000020,2023-03-29T23:16:02.326Z,15,0,
6424c6ab44eca441c52bbc1a,EG6WT4000020,9000392,2030-05-01T07:00:00.000Z,FALSE,E5ADV2000020,2023-03-29T23:15:55.385Z,2030-06-01T06:59:59.999Z,E5ADV2000020,2023-03-29T23:16:02.326Z,15,0,
6424c6ab44eca441c52bbc1b,EG6WT4000020,9000392,2030-06-01T07:00:00.000Z,FALSE,E5ADV2000020,2023-03-29T23:15:55.385Z,2030-07-01T06:59:59.999Z,E5ADV2000020,2023-03-29T23:16:02.326Z,15,0,
6424c6ab44eca441c52bbc1c,EG6WT4000020,9000392,2030-07-01T07:00:00.000Z,FALSE,E5ADV2000020,2023-03-29T23:15:55.385Z,2030-08-01T06:59:59.999Z,E5ADV2000020,2023-03-29T23:16:02.326Z,15,0,
6424c6ab44eca441c52bbc1d,EG6WT4000020,9000392,2030-08-01T07:00:00.000Z,FALSE,E5ADV2000020,2023-03-29T23:15:55.385Z,2030-09-01T06:59:59.999Z,E5ADV2000020,2023-03-29T23:16:02.326Z,15,0,
6424c6ab44eca441c52bbc1e,EG6WT4000020,9000392,2030-09-01T07:00:00.000Z,FALSE,E5ADV2000020,2023-03-29T23:15:55.385Z,2030-10-01T06:59:59.999Z,E5ADV2000020,2023-03-29T23:16:02.326Z,15,0,
6424c6ab44eca441c52bbc1f,EG6WT4000020,9000392,2030-10-01T07:00:00.000Z,FALSE,E5ADV2000020,2023-03-29T23:15:55.385Z,2030-11-01T06:59:59.999Z,E5ADV2000020,2023-03-29T23:16:02.326Z,15,0,
6424c6ab44eca441c52bbc20,EG6WT4000020,9000392,2030-11-01T07:00:00.000Z,FALSE,E5ADV2000020,2023-03-29T23:15:55.385Z,2030-12-01T07:59:59.999Z,E5ADV2000020,2023-03-29T23:16:02.326Z,15,0,
6424c6ab44eca441c52bbc21,EG6WT4000020,9000392,2030-12-01T08:00:00.000Z,FALSE,E5ADV2000020,2023-03-29T23:15:55.385Z,2031-01-01T07:59:59.999Z,E5ADV2000020,2023-03-29T23:16:02.326Z,15,0,
63d078c144eca441c5647ebe,EG6WT4000020,9000719,2024-01-01T08:00:00.000Z,FALSE,BFCCP401Y0K0,2023-01-25T00:33:05.316Z,2024-02-01T07:59:59.999Z,E5AERC000020,2023-01-25T00:34:09.833Z,100,0,